pair_id,seed,mirror,pos_a,first_mover,comp_a_wdd,comp_a_wcc,comp_a_wbb,cost_a,comp_b_wdd,comp_b_wcc,comp_b_wbb,cost_b,winner_label,turns,unresolved
0,1,0,P1,A,0,2,1,28,1,0,2,29,B,34,false
0,1,1,P2,B,0,2,1,28,1,0,2,29,B,33,false
0,2,0,P1,A,0,2,1,28,1,0,2,29,B,37,false
0,2,1,P2,B,0,2,1,28,1,0,2,29,B,41,false
0,3,0,P1,A,0,2,1,28,1,0,2,29,A,23,false
0,3,1,P2,B,0,2,1,28,1,0,2,29,B,38,false
0,4,0,P1,A,0,2,1,28,1,0,2,29,B,80,false
0,4,1,P2,B,0,2,1,28,1,0,2,29,A,42,false
0,5,0,P1,A,0,2,1,28,1,0,2,29,B,44,false
0,5,1,P2,B,0,2,1,28,1,0,2,29,B,67,false
0,6,0,P1,A,0,2,1,28,1,0,2,29,B,24,false
0,6,1,P2,B,0,2,1,28,1,0,2,29,B,49,false
0,7,0,P1,A,0,2,1,28,1,0,2,29,B,41,false
0,7,1,P2,B,0,2,1,28,1,0,2,29,A,27,false
0,8,0,P1,A,0,2,1,28,1,0,2,29,B,32,false
0,8,1,P2,B,0,2,1,28,1,0,2,29,B,37,false
0,9,0,P1,A,0,2,1,28,1,0,2,29,B,35,false
0,9,1,P2,B,0,2,1,28,1,0,2,29,B,33,false
0,10,0,P1,A,0,2,1,28,1,0,2,29,B,32,false
0,10,1,P2,B,0,2,1,28,1,0,2,29,B,63,false
1,1001,0,P1,A,0,2,1,28,1,3,0,29,A,28,false
1,1001,1,P2,B,0,2,1,28,1,3,0,29,B,31,false
1,1002,0,P1,A,0,2,1,28,1,3,0,29,A,29,false
1,1002,1,P2,B,0,2,1,28,1,3,0,29,A,43,false
1,1003,0,P1,A,0,2,1,28,1,3,0,29,B,18,false
1,1003,1,P2,B,0,2,1,28,1,3,0,29,B,32,false
1,1004,0,P1,A,0,2,1,28,1,3,0,29,B,38,false
1,1004,1,P2,B,0,2,1,28,1,3,0,29,A,24,false
1,1005,0,P1,A,0,2,1,28,1,3,0,29,A,51,false
1,1005,1,P2,B,0,2,1,28,1,3,0,29,B,49,false
1,1006,0,P1,A,0,2,1,28,1,3,0,29,B,24,false
1,1006,1,P2,B,0,2,1,28,1,3,0,29,B,27,false
1,1007,0,P1,A,0,2,1,28,1,3,0,29,A,32,false
1,1007,1,P2,B,0,2,1,28,1,3,0,29,B,25,false
1,1008,0,P1,A,0,2,1,28,1,3,0,29,A,38,false
1,1008,1,P2,B,0,2,1,28,1,3,0,29,B,31,false
1,1009,0,P1,A,0,2,1,28,1,3,0,29,B,36,false
1,1009,1,P2,B,0,2,1,28,1,3,0,29,B,35,false
1,1010,0,P1,A,0,2,1,28,1,3,0,29,A,23,false
1,1010,1,P2,B,0,2,1,28,1,3,0,29,B,31,false
2,2001,0,P1,A,0,2,1,28,2,1,1,30,B,38,false
2,2001,1,P2,B,0,2,1,28,2,1,1,30,B,37,false
2,2002,0,P1,A,0,2,1,28,2,1,1,30,B,38,false
2,2002,1,P2,B,0,2,1,28,2,1,1,30,B,63,false
2,2003,0,P1,A,0,2,1,28,2,1,1,30,A,57,false
2,2003,1,P2,B,0,2,1,28,2,1,1,30,B,39,false
2,2004,0,P1,A,0,2,1,28,2,1,1,30,A,30,false
2,2004,1,P2,B,0,2,1,28,2,1,1,30,B,33,false
2,2005,0,P1,A,0,2,1,28,2,1,1,30,B,22,false
2,2005,1,P2,B,0,2,1,28,2,1,1,30,B,35,false
2,2006,0,P1,A,0,2,1,28,2,1,1,30,B,32,false
2,2006,1,P2,B,0,2,1,28,2,1,1,30,A,31,false
2,2007,0,P1,A,0,2,1,28,2,1,1,30,A,35,false
2,2007,1,P2,B,0,2,1,28,2,1,1,30,A,29,false
2,2008,0,P1,A,0,2,1,28,2,1,1,30,A,31,false
2,2008,1,P2,B,0,2,1,28,2,1,1,30,A,41,false
2,2009,0,P1,A,0,2,1,28,2,1,1,30,B,21,false
2,2009,1,P2,B,0,2,1,28,2,1,1,30,B,31,false
2,2010,0,P1,A,0,2,1,28,2,1,1,30,B,28,false
2,2010,1,P2,B,0,2,1,28,2,1,1,30,B,33,false
3,3001,0,P1,A,0,2,1,28,2,2,0,26,B,36,false
3,3001,1,P2,B,0,2,1,28,2,2,0,26,B,31,false
3,3002,0,P1,A,0,2,1,28,2,2,0,26,B,30,false
3,3002,1,P2,B,0,2,1,28,2,2,0,26,B,33,false
3,3003,0,P1,A,0,2,1,28,2,2,0,26,B,20,false
3,3003,1,P2,B,0,2,1,28,2,2,0,26,A,25,false
3,3004,0,P1,A,0,2,1,28,2,2,0,26,B,28,false
3,3004,1,P2,B,0,2,1,28,2,2,0,26,B,29,false
3,3005,0,P1,A,0,2,1,28,2,2,0,26,B,30,false
3,3005,1,P2,B,0,2,1,28,2,2,0,26,B,33,false
3,3006,0,P1,A,0,2,1,28,2,2,0,26,A,58,false
3,3006,1,P2,B,0,2,1,28,2,2,0,26,A,37,false
3,3007,0,P1,A,0,2,1,28,2,2,0,26,A,28,false
3,3007,1,P2,B,0,2,1,28,2,2,0,26,A,24,false
3,3008,0,P1,A,0,2,1,28,2,2,0,26,A,35,false
3,3008,1,P2,B,0,2,1,28,2,2,0,26,B,25,false
3,3009,0,P1,A,0,2,1,28,2,2,0,26,B,26,false
3,3009,1,P2,B,0,2,1,28,2,2,0,26,A,29,false
3,3010,0,P1,A,0,2,1,28,2,2,0,26,B,30,false
3,3010,1,P2,B,0,2,1,28,2,2,0,26,A,38,false
4,4001,0,P1,A,0,2,1,28,3,0,1,27,B,28,false
4,4001,1,P2,B,0,2,1,28,3,0,1,27,A,41,false
4,4002,0,P1,A,0,2,1,28,3,0,1,27,B,24,false
4,4002,1,P2,B,0,2,1,28,3,0,1,27,B,23,false
4,4003,0,P1,A,0,2,1,28,3,0,1,27,B,50,false
4,4003,1,P2,B,0,2,1,28,3,0,1,27,B,61,false
4,4004,0,P1,A,0,2,1,28,3,0,1,27,A,32,false
4,4004,1,P2,B,0,2,1,28,3,0,1,27,A,39,false
4,4005,0,P1,A,0,2,1,28,3,0,1,27,B,24,false
4,4005,1,P2,B,0,2,1,28,3,0,1,27,B,25,false
4,4006,0,P1,A,0,2,1,28,3,0,1,27,A,27,false
4,4006,1,P2,B,0,2,1,28,3,0,1,27,B,23,false
4,4007,0,P1,A,0,2,1,28,3,0,1,27,B,34,false
4,4007,1,P2,B,0,2,1,28,3,0,1,27,B,38,false
4,4008,0,P1,A,0,2,1,28,3,0,1,27,B,60,false
4,4008,1,P2,B,0,2,1,28,3,0,1,27,A,40,false
4,4009,0,P1,A,0,2,1,28,3,0,1,27,B,32,false
4,4009,1,P2,B,0,2,1,28,3,0,1,27,B,37,false
4,4010,0,P1,A,0,2,1,28,3,0,1,27,draw,100,true
4,4010,1,P2,B,0,2,1,28,3,0,1,27,A,36,false
5,5001,0,P1,A,0,2,1,28,4,1,0,28,B,26,false
5,5001,1,P2,B,0,2,1,28,4,1,0,28,B,27,false
5,5002,0,P1,A,0,2,1,28,4,1,0,28,B,26,false
5,5002,1,P2,B,0,2,1,28,4,1,0,28,B,31,false
5,5003,0,P1,A,0,2,1,28,4,1,0,28,A,36,false
5,5003,1,P2,B,0,2,1,28,4,1,0,28,A,33,false
5,5004,0,P1,A,0,2,1,28,4,1,0,28,B,34,false
5,5004,1,P2,B,0,2,1,28,4,1,0,28,B,41,false
5,5005,0,P1,A,0,2,1,28,4,1,0,28,A,29,false
5,5005,1,P2,B,0,2,1,28,4,1,0,28,A,51,false
5,5006,0,P1,A,0,2,1,28,4,1,0,28,A,34,false
5,5006,1,P2,B,0,2,1,28,4,1,0,28,B,33,false
5,5007,0,P1,A,0,2,1,28,4,1,0,28,A,38,false
5,5007,1,P2,B,0,2,1,28,4,1,0,28,B,31,false
5,5008,0,P1,A,0,2,1,28,4,1,0,28,B,34,false
5,5008,1,P2,B,0,2,1,28,4,1,0,28,B,27,false
5,5009,0,P1,A,0,2,1,28,4,1,0,28,B,26,false
5,5009,1,P2,B,0,2,1,28,4,1,0,28,A,61,false
5,5010,0,P1,A,0,2,1,28,4,1,0,28,B,30,false
5,5010,1,P2,B,0,2,1,28,4,1,0,28,A,43,false
6,6001,0,P1,A,0,2,1,28,6,0,0,30,B,32,false
6,6001,1,P2,B,0,2,1,28,6,0,0,30,B,21,false
6,6002,0,P1,A,0,2,1,28,6,0,0,30,A,35,false
6,6002,1,P2,B,0,2,1,28,6,0,0,30,B,27,false
6,6003,0,P1,A,0,2,1,28,6,0,0,30,B,30,false
6,6003,1,P2,B,0,2,1,28,6,0,0,30,B,23,false
6,6004,0,P1,A,0,2,1,28,6,0,0,30,B,34,false
6,6004,1,P2,B,0,2,1,28,6,0,0,30,B,31,false
6,6005,0,P1,A,0,2,1,28,6,0,0,30,B,34,false
6,6005,1,P2,B,0,2,1,28,6,0,0,30,B,23,false
6,6006,0,P1,A,0,2,1,28,6,0,0,30,B,34,false
6,6006,1,P2,B,0,2,1,28,6,0,0,30,B,29,false
6,6007,0,P1,A,0,2,1,28,6,0,0,30,A,31,false
6,6007,1,P2,B,0,2,1,28,6,0,0,30,A,22,false
6,6008,0,P1,A,0,2,1,28,6,0,0,30,B,32,false
6,6008,1,P2,B,0,2,1,28,6,0,0,30,B,21,false
6,6009,0,P1,A,0,2,1,28,6,0,0,30,B,36,false
6,6009,1,P2,B,0,2,1,28,6,0,0,30,B,29,false
6,6010,0,P1,A,0,2,1,28,6,0,0,30,B,40,false
6,6010,1,P2,B,0,2,1,28,6,0,0,30,A,37,false
7,7001,0,P1,A,1,0,2,29,1,3,0,29,A,40,false
7,7001,1,P2,B,1,0,2,29,1,3,0,29,A,31,false
7,7002,0,P1,A,1,0,2,29,1,3,0,29,B,26,false
7,7002,1,P2,B,1,0,2,29,1,3,0,29,A,19,false
7,7003,0,P1,A,1,0,2,29,1,3,0,29,B,20,false
7,7003,1,P2,B,1,0,2,29,1,3,0,29,A,33,false
7,7004,0,P1,A,1,0,2,29,1,3,0,29,A,36,false
7,7004,1,P2,B,1,0,2,29,1,3,0,29,B,21,false
7,7005,0,P1,A,1,0,2,29,1,3,0,29,A,24,false
7,7005,1,P2,B,1,0,2,29,1,3,0,29,B,33,false
7,7006,0,P1,A,1,0,2,29,1,3,0,29,B,34,false
7,7006,1,P2,B,1,0,2,29,1,3,0,29,A,29,false
7,7007,0,P1,A,1,0,2,29,1,3,0,29,draw,100,true
7,7007,1,P2,B,1,0,2,29,1,3,0,29,A,23,false
7,7008,0,P1,A,1,0,2,29,1,3,0,29,A,31,false
7,7008,1,P2,B,1,0,2,29,1,3,0,29,B,35,false
7,7009,0,P1,A,1,0,2,29,1,3,0,29,A,42,false
7,7009,1,P2,B,1,0,2,29,1,3,0,29,A,36,false
7,7010,0,P1,A,1,0,2,29,1,3,0,29,A,30,false
7,7010,1,P2,B,1,0,2,29,1,3,0,29,A,35,false
8,8001,0,P1,A,1,0,2,29,2,1,1,30,B,56,false
8,8001,1,P2,B,1,0,2,29,2,1,1,30,A,46,false
8,8002,0,P1,A,1,0,2,29,2,1,1,30,A,31,false
8,8002,1,P2,B,1,0,2,29,2,1,1,30,A,38,false
8,8003,0,P1,A,1,0,2,29,2,1,1,30,B,32,false
8,8003,1,P2,B,1,0,2,29,2,1,1,30,A,35,false
8,8004,0,P1,A,1,0,2,29,2,1,1,30,A,55,false
8,8004,1,P2,B,1,0,2,29,2,1,1,30,B,35,false
8,8005,0,P1,A,1,0,2,29,2,1,1,30,B,30,false
8,8005,1,P2,B,1,0,2,29,2,1,1,30,A,39,false
8,8006,0,P1,A,1,0,2,29,2,1,1,30,B,28,false
8,8006,1,P2,B,1,0,2,29,2,1,1,30,A,32,false
8,8007,0,P1,A,1,0,2,29,2,1,1,30,B,34,false
8,8007,1,P2,B,1,0,2,29,2,1,1,30,B,37,false
8,8008,0,P1,A,1,0,2,29,2,1,1,30,A,34,false
8,8008,1,P2,B,1,0,2,29,2,1,1,30,A,31,false
8,8009,0,P1,A,1,0,2,29,2,1,1,30,A,45,false
8,8009,1,P2,B,1,0,2,29,2,1,1,30,B,41,false
8,8010,0,P1,A,1,0,2,29,2,1,1,30,A,37,false
8,8010,1,P2,B,1,0,2,29,2,1,1,30,A,38,false
9,9001,0,P1,A,1,0,2,29,2,2,0,26,A,33,false
9,9001,1,P2,B,1,0,2,29,2,2,0,26,A,36,false
9,9002,0,P1,A,1,0,2,29,2,2,0,26,A,32,false
9,9002,1,P2,B,1,0,2,29,2,2,0,26,draw,100,true
9,9003,0,P1,A,1,0,2,29,2,2,0,26,A,38,false
9,9003,1,P2,B,1,0,2,29,2,2,0,26,A,23,false
9,9004,0,P1,A,1,0,2,29,2,2,0,26,A,42,false
9,9004,1,P2,B,1,0,2,29,2,2,0,26,B,39,false
9,9005,0,P1,A,1,0,2,29,2,2,0,26,A,30,false
9,9005,1,P2,B,1,0,2,29,2,2,0,26,A,37,false
9,9006,0,P1,A,1,0,2,29,2,2,0,26,A,40,false
9,9006,1,P2,B,1,0,2,29,2,2,0,26,B,29,false
9,9007,0,P1,A,1,0,2,29,2,2,0,26,A,36,false
9,9007,1,P2,B,1,0,2,29,2,2,0,26,A,51,false
9,9008,0,P1,A,1,0,2,29,2,2,0,26,A,38,false
9,9008,1,P2,B,1,0,2,29,2,2,0,26,A,29,false
9,9009,0,P1,A,1,0,2,29,2,2,0,26,A,26,false
9,9009,1,P2,B,1,0,2,29,2,2,0,26,A,22,false
9,9010,0,P1,A,1,0,2,29,2,2,0,26,A,26,false
9,9010,1,P2,B,1,0,2,29,2,2,0,26,A,41,false
10,10001,0,P1,A,1,0,2,29,3,0,1,27,A,37,false
10,10001,1,P2,B,1,0,2,29,3,0,1,27,A,41,false
10,10002,0,P1,A,1,0,2,29,3,0,1,27,A,74,false
10,10002,1,P2,B,1,0,2,29,3,0,1,27,A,59,false
10,10003,0,P1,A,1,0,2,29,3,0,1,27,A,57,false
10,10003,1,P2,B,1,0,2,29,3,0,1,27,A,44,false
10,10004,0,P1,A,1,0,2,29,3,0,1,27,A,41,false
10,10004,1,P2,B,1,0,2,29,3,0,1,27,A,34,false
10,10005,0,P1,A,1,0,2,29,3,0,1,27,A,41,false
10,10005,1,P2,B,1,0,2,29,3,0,1,27,A,38,false
10,10006,0,P1,A,1,0,2,29,3,0,1,27,B,48,false
10,10006,1,P2,B,1,0,2,29,3,0,1,27,draw,100,true
10,10007,0,P1,A,1,0,2,29,3,0,1,27,A,48,false
10,10007,1,P2,B,1,0,2,29,3,0,1,27,A,42,false
10,10008,0,P1,A,1,0,2,29,3,0,1,27,B,72,false
10,10008,1,P2,B,1,0,2,29,3,0,1,27,A,42,false
10,10009,0,P1,A,1,0,2,29,3,0,1,27,A,42,false
10,10009,1,P2,B,1,0,2,29,3,0,1,27,A,60,false
10,10010,0,P1,A,1,0,2,29,3,0,1,27,A,39,false
10,10010,1,P2,B,1,0,2,29,3,0,1,27,A,40,false
11,11001,0,P1,A,1,0,2,29,4,1,0,28,A,40,false
11,11001,1,P2,B,1,0,2,29,4,1,0,28,A,33,false
11,11002,0,P1,A,1,0,2,29,4,1,0,28,A,58,false
11,11002,1,P2,B,1,0,2,29,4,1,0,28,draw,100,true
11,11003,0,P1,A,1,0,2,29,4,1,0,28,A,46,false
11,11003,1,P2,B,1,0,2,29,4,1,0,28,B,39,false
11,11004,0,P1,A,1,0,2,29,4,1,0,28,A,20,false
11,11004,1,P2,B,1,0,2,29,4,1,0,28,A,22,false
11,11005,0,P1,A,1,0,2,29,4,1,0,28,A,27,false
11,11005,1,P2,B,1,0,2,29,4,1,0,28,A,31,false
11,11006,0,P1,A,1,0,2,29,4,1,0,28,draw,100,true
11,11006,1,P2,B,1,0,2,29,4,1,0,28,B,33,false
11,11007,0,P1,A,1,0,2,29,4,1,0,28,A,34,false
11,11007,1,P2,B,1,0,2,29,4,1,0,28,A,45,false
11,11008,0,P1,A,1,0,2,29,4,1,0,28,A,40,false
11,11008,1,P2,B,1,0,2,29,4,1,0,28,A,33,false
11,11009,0,P1,A,1,0,2,29,4,1,0,28,A,44,false
11,11009,1,P2,B,1,0,2,29,4,1,0,28,A,61,false
11,11010,0,P1,A,1,0,2,29,4,1,0,28,A,27,false
11,11010,1,P2,B,1,0,2,29,4,1,0,28,A,25,false
12,12001,0,P1,A,1,0,2,29,6,0,0,30,B,44,false
12,12001,1,P2,B,1,0,2,29,6,0,0,30,B,41,false
12,12002,0,P1,A,1,0,2,29,6,0,0,30,B,26,false
12,12002,1,P2,B,1,0,2,29,6,0,0,30,A,31,false
12,12003,0,P1,A,1,0,2,29,6,0,0,30,A,42,false
12,12003,1,P2,B,1,0,2,29,6,0,0,30,B,37,false
12,12004,0,P1,A,1,0,2,29,6,0,0,30,A,34,false
12,12004,1,P2,B,1,0,2,29,6,0,0,30,A,53,false
12,12005,0,P1,A,1,0,2,29,6,0,0,30,A,33,false
12,12005,1,P2,B,1,0,2,29,6,0,0,30,B,41,false
12,12006,0,P1,A,1,0,2,29,6,0,0,30,A,98,false
12,12006,1,P2,B,1,0,2,29,6,0,0,30,B,31,false
12,12007,0,P1,A,1,0,2,29,6,0,0,30,A,30,false
12,12007,1,P2,B,1,0,2,29,6,0,0,30,A,27,false
12,12008,0,P1,A,1,0,2,29,6,0,0,30,B,38,false
12,12008,1,P2,B,1,0,2,29,6,0,0,30,A,35,false
12,12009,0,P1,A,1,0,2,29,6,0,0,30,A,23,false
12,12009,1,P2,B,1,0,2,29,6,0,0,30,A,33,false
12,12010,0,P1,A,1,0,2,29,6,0,0,30,A,26,false
12,12010,1,P2,B,1,0,2,29,6,0,0,30,A,35,false
13,13001,0,P1,A,1,3,0,29,2,1,1,30,B,16,false
13,13001,1,P2,B,1,3,0,29,2,1,1,30,B,43,false
13,13002,0,P1,A,1,3,0,29,2,1,1,30,B,28,false
13,13002,1,P2,B,1,3,0,29,2,1,1,30,B,27,false
13,13003,0,P1,A,1,3,0,29,2,1,1,30,A,27,false
13,13003,1,P2,B,1,3,0,29,2,1,1,30,B,23,false
13,13004,0,P1,A,1,3,0,29,2,1,1,30,A,35,false
13,13004,1,P2,B,1,3,0,29,2,1,1,30,B,33,false
13,13005,0,P1,A,1,3,0,29,2,1,1,30,A,23,false
13,13005,1,P2,B,1,3,0,29,2,1,1,30,B,26,false
13,13006,0,P1,A,1,3,0,29,2,1,1,30,A,24,false
13,13006,1,P2,B,1,3,0,29,2,1,1,30,B,25,false
13,13007,0,P1,A,1,3,0,29,2,1,1,30,A,23,false
13,13007,1,P2,B,1,3,0,29,2,1,1,30,A,40,false
13,13008,0,P1,A,1,3,0,29,2,1,1,30,B,27,false
13,13008,1,P2,B,1,3,0,29,2,1,1,30,B,31,false
13,13009,0,P1,A,1,3,0,29,2,1,1,30,A,27,false
13,13009,1,P2,B,1,3,0,29,2,1,1,30,B,15,false
13,13010,0,P1,A,1,3,0,29,2,1,1,30,B,29,false
13,13010,1,P2,B,1,3,0,29,2,1,1,30,B,28,false
14,14001,0,P1,A,1,3,0,29,2,2,0,26,A,28,false
14,14001,1,P2,B,1,3,0,29,2,2,0,26,B,22,false
14,14002,0,P1,A,1,3,0,29,2,2,0,26,B,38,false
14,14002,1,P2,B,1,3,0,29,2,2,0,26,A,28,false
14,14003,0,P1,A,1,3,0,29,2,2,0,26,A,31,false
14,14003,1,P2,B,1,3,0,29,2,2,0,26,A,34,false
14,14004,0,P1,A,1,3,0,29,2,2,0,26,B,42,false
14,14004,1,P2,B,1,3,0,29,2,2,0,26,A,50,false
14,14005,0,P1,A,1,3,0,29,2,2,0,26,B,27,false
14,14005,1,P2,B,1,3,0,29,2,2,0,26,A,22,false
14,14006,0,P1,A,1,3,0,29,2,2,0,26,A,21,false
14,14006,1,P2,B,1,3,0,29,2,2,0,26,B,21,false
14,14007,0,P1,A,1,3,0,29,2,2,0,26,B,30,false
14,14007,1,P2,B,1,3,0,29,2,2,0,26,A,38,false
14,14008,0,P1,A,1,3,0,29,2,2,0,26,A,23,false
14,14008,1,P2,B,1,3,0,29,2,2,0,26,A,32,false
14,14009,0,P1,A,1,3,0,29,2,2,0,26,A,37,false
14,14009,1,P2,B,1,3,0,29,2,2,0,26,A,30,false
14,14010,0,P1,A,1,3,0,29,2,2,0,26,B,26,false
14,14010,1,P2,B,1,3,0,29,2,2,0,26,A,86,false
15,15001,0,P1,A,1,3,0,29,3,0,1,27,A,31,false
15,15001,1,P2,B,1,3,0,29,3,0,1,27,A,22,false
15,15002,0,P1,A,1,3,0,29,3,0,1,27,A,59,false
15,15002,1,P2,B,1,3,0,29,3,0,1,27,A,68,false
15,15003,0,P1,A,1,3,0,29,3,0,1,27,B,22,false
15,15003,1,P2,B,1,3,0,29,3,0,1,27,B,42,false
15,15004,0,P1,A,1,3,0,29,3,0,1,27,A,27,false
15,15004,1,P2,B,1,3,0,29,3,0,1,27,B,35,false
15,15005,0,P1,A,1,3,0,29,3,0,1,27,B,39,false
15,15005,1,P2,B,1,3,0,29,3,0,1,27,B,31,false
15,15006,0,P1,A,1,3,0,29,3,0,1,27,A,27,false
15,15006,1,P2,B,1,3,0,29,3,0,1,27,A,39,false
15,15007,0,P1,A,1,3,0,29,3,0,1,27,A,33,false
15,15007,1,P2,B,1,3,0,29,3,0,1,27,A,30,false
15,15008,0,P1,A,1,3,0,29,3,0,1,27,B,25,false
15,15008,1,P2,B,1,3,0,29,3,0,1,27,B,37,false
15,15009,0,P1,A,1,3,0,29,3,0,1,27,B,39,false
15,15009,1,P2,B,1,3,0,29,3,0,1,27,A,32,false
15,15010,0,P1,A,1,3,0,29,3,0,1,27,A,31,false
15,15010,1,P2,B,1,3,0,29,3,0,1,27,A,59,false
16,16001,0,P1,A,1,3,0,29,4,1,0,28,A,19,false
16,16001,1,P2,B,1,3,0,29,4,1,0,28,B,21,false
16,16002,0,P1,A,1,3,0,29,4,1,0,28,B,34,false
16,16002,1,P2,B,1,3,0,29,4,1,0,28,B,37,false
16,16003,0,P1,A,1,3,0,29,4,1,0,28,B,34,false
16,16003,1,P2,B,1,3,0,29,4,1,0,28,A,48,false
16,16004,0,P1,A,1,3,0,29,4,1,0,28,A,33,false
16,16004,1,P2,B,1,3,0,29,4,1,0,28,B,23,false
16,16005,0,P1,A,1,3,0,29,4,1,0,28,A,26,false
16,16005,1,P2,B,1,3,0,29,4,1,0,28,A,37,false
16,16006,0,P1,A,1,3,0,29,4,1,0,28,B,38,false
16,16006,1,P2,B,1,3,0,29,4,1,0,28,B,40,false
16,16007,0,P1,A,1,3,0,29,4,1,0,28,A,37,false
16,16007,1,P2,B,1,3,0,29,4,1,0,28,A,36,false
16,16008,0,P1,A,1,3,0,29,4,1,0,28,A,22,false
16,16008,1,P2,B,1,3,0,29,4,1,0,28,A,22,false
16,16009,0,P1,A,1,3,0,29,4,1,0,28,A,35,false
16,16009,1,P2,B,1,3,0,29,4,1,0,28,B,34,false
16,16010,0,P1,A,1,3,0,29,4,1,0,28,B,16,false
16,16010,1,P2,B,1,3,0,29,4,1,0,28,A,24,false
17,17001,0,P1,A,1,3,0,29,6,0,0,30,B,20,false
17,17001,1,P2,B,1,3,0,29,6,0,0,30,A,40,false
17,17002,0,P1,A,1,3,0,29,6,0,0,30,B,27,false
17,17002,1,P2,B,1,3,0,29,6,0,0,30,A,30,false
17,17003,0,P1,A,1,3,0,29,6,0,0,30,B,25,false
17,17003,1,P2,B,1,3,0,29,6,0,0,30,A,26,false
17,17004,0,P1,A,1,3,0,29,6,0,0,30,A,26,false
17,17004,1,P2,B,1,3,0,29,6,0,0,30,B,23,false
17,17005,0,P1,A,1,3,0,29,6,0,0,30,B,22,false
17,17005,1,P2,B,1,3,0,29,6,0,0,30,A,28,false
17,17006,0,P1,A,1,3,0,29,6,0,0,30,A,43,false
17,17006,1,P2,B,1,3,0,29,6,0,0,30,B,32,false
17,17007,0,P1,A,1,3,0,29,6,0,0,30,B,42,false
17,17007,1,P2,B,1,3,0,29,6,0,0,30,B,27,false
17,17008,0,P1,A,1,3,0,29,6,0,0,30,B,16,false
17,17008,1,P2,B,1,3,0,29,6,0,0,30,B,31,false
17,17009,0,P1,A,1,3,0,29,6,0,0,30,B,46,false
17,17009,1,P2,B,1,3,0,29,6,0,0,30,B,33,false
17,17010,0,P1,A,1,3,0,29,6,0,0,30,B,22,false
17,17010,1,P2,B,1,3,0,29,6,0,0,30,A,34,false
18,18001,0,P1,A,2,1,1,30,2,2,0,26,A,24,false
18,18001,1,P2,B,2,1,1,30,2,2,0,26,B,27,false
18,18002,0,P1,A,2,1,1,30,2,2,0,26,A,27,false
18,18002,1,P2,B,2,1,1,30,2,2,0,26,B,30,false
18,18003,0,P1,A,2,1,1,30,2,2,0,26,B,30,false
18,18003,1,P2,B,2,1,1,30,2,2,0,26,A,32,false
18,18004,0,P1,A,2,1,1,30,2,2,0,26,A,40,false
18,18004,1,P2,B,2,1,1,30,2,2,0,26,A,32,false
18,18005,0,P1,A,2,1,1,30,2,2,0,26,A,24,false
18,18005,1,P2,B,2,1,1,30,2,2,0,26,A,31,false
18,18006,0,P1,A,2,1,1,30,2,2,0,26,A,26,false
18,18006,1,P2,B,2,1,1,30,2,2,0,26,A,35,false
18,18007,0,P1,A,2,1,1,30,2,2,0,26,A,31,false
18,18007,1,P2,B,2,1,1,30,2,2,0,26,A,39,false
18,18008,0,P1,A,2,1,1,30,2,2,0,26,A,31,false
18,18008,1,P2,B,2,1,1,30,2,2,0,26,B,39,false
18,18009,0,P1,A,2,1,1,30,2,2,0,26,A,17,false
18,18009,1,P2,B,2,1,1,30,2,2,0,26,draw,100,true
18,18010,0,P1,A,2,1,1,30,2,2,0,26,A,25,false
18,18010,1,P2,B,2,1,1,30,2,2,0,26,B,37,false
19,19001,0,P1,A,2,1,1,30,3,0,1,27,B,30,false
19,19001,1,P2,B,2,1,1,30,3,0,1,27,A,45,false
19,19002,0,P1,A,2,1,1,30,3,0,1,27,B,40,false
19,19002,1,P2,B,2,1,1,30,3,0,1,27,B,35,false
19,19003,0,P1,A,2,1,1,30,3,0,1,27,A,73,false
19,19003,1,P2,B,2,1,1,30,3,0,1,27,A,45,false
19,19004,0,P1,A,2,1,1,30,3,0,1,27,B,27,false
19,19004,1,P2,B,2,1,1,30,3,0,1,27,B,27,false
19,19005,0,P1,A,2,1,1,30,3,0,1,27,B,32,false
19,19005,1,P2,B,2,1,1,30,3,0,1,27,A,44,false
19,19006,0,P1,A,2,1,1,30,3,0,1,27,B,41,false
19,19006,1,P2,B,2,1,1,30,3,0,1,27,B,37,false
19,19007,0,P1,A,2,1,1,30,3,0,1,27,A,27,false
19,19007,1,P2,B,2,1,1,30,3,0,1,27,A,47,false
19,19008,0,P1,A,2,1,1,30,3,0,1,27,A,30,false
19,19008,1,P2,B,2,1,1,30,3,0,1,27,B,21,false
19,19009,0,P1,A,2,1,1,30,3,0,1,27,A,42,false
19,19009,1,P2,B,2,1,1,30,3,0,1,27,A,32,false
19,19010,0,P1,A,2,1,1,30,3,0,1,27,B,45,false
19,19010,1,P2,B,2,1,1,30,3,0,1,27,B,46,false
20,20001,0,P1,A,2,1,1,30,4,1,0,28,A,17,false
20,20001,1,P2,B,2,1,1,30,4,1,0,28,A,43,false
20,20002,0,P1,A,2,1,1,30,4,1,0,28,B,36,false
20,20002,1,P2,B,2,1,1,30,4,1,0,28,A,41,false
20,20003,0,P1,A,2,1,1,30,4,1,0,28,A,30,false
20,20003,1,P2,B,2,1,1,30,4,1,0,28,A,27,false
20,20004,0,P1,A,2,1,1,30,4,1,0,28,A,30,false
20,20004,1,P2,B,2,1,1,30,4,1,0,28,B,35,false
20,20005,0,P1,A,2,1,1,30,4,1,0,28,A,38,false
20,20005,1,P2,B,2,1,1,30,4,1,0,28,B,25,false
20,20006,0,P1,A,2,1,1,30,4,1,0,28,B,38,false
20,20006,1,P2,B,2,1,1,30,4,1,0,28,A,36,false
20,20007,0,P1,A,2,1,1,30,4,1,0,28,A,33,false
20,20007,1,P2,B,2,1,1,30,4,1,0,28,A,39,false
20,20008,0,P1,A,2,1,1,30,4,1,0,28,B,26,false
20,20008,1,P2,B,2,1,1,30,4,1,0,28,A,27,false
20,20009,0,P1,A,2,1,1,30,4,1,0,28,A,33,false
20,20009,1,P2,B,2,1,1,30,4,1,0,28,B,43,false
20,20010,0,P1,A,2,1,1,30,4,1,0,28,B,42,false
20,20010,1,P2,B,2,1,1,30,4,1,0,28,A,50,false
21,21001,0,P1,A,2,1,1,30,6,0,0,30,B,24,false
21,21001,1,P2,B,2,1,1,30,6,0,0,30,B,37,false
21,21002,0,P1,A,2,1,1,30,6,0,0,30,B,28,false
21,21002,1,P2,B,2,1,1,30,6,0,0,30,A,36,false
21,21003,0,P1,A,2,1,1,30,6,0,0,30,B,25,false
21,21003,1,P2,B,2,1,1,30,6,0,0,30,A,37,false
21,21004,0,P1,A,2,1,1,30,6,0,0,30,B,41,false
21,21004,1,P2,B,2,1,1,30,6,0,0,30,A,33,false
21,21005,0,P1,A,2,1,1,30,6,0,0,30,A,40,false
21,21005,1,P2,B,2,1,1,30,6,0,0,30,B,71,false
21,21006,0,P1,A,2,1,1,30,6,0,0,30,B,33,false
21,21006,1,P2,B,2,1,1,30,6,0,0,30,B,27,false
21,21007,0,P1,A,2,1,1,30,6,0,0,30,A,42,false
21,21007,1,P2,B,2,1,1,30,6,0,0,30,B,57,false
21,21008,0,P1,A,2,1,1,30,6,0,0,30,B,24,false
21,21008,1,P2,B,2,1,1,30,6,0,0,30,A,31,false
21,21009,0,P1,A,2,1,1,30,6,0,0,30,A,34,false
21,21009,1,P2,B,2,1,1,30,6,0,0,30,B,29,false
21,21010,0,P1,A,2,1,1,30,6,0,0,30,B,32,false
21,21010,1,P2,B,2,1,1,30,6,0,0,30,B,29,false
22,22001,0,P1,A,2,2,0,26,3,0,1,27,B,26,false
22,22001,1,P2,B,2,2,0,26,3,0,1,27,B,30,false
22,22002,0,P1,A,2,2,0,26,3,0,1,27,B,32,false
22,22002,1,P2,B,2,2,0,26,3,0,1,27,A,30,false
22,22003,0,P1,A,2,2,0,26,3,0,1,27,B,34,false
22,22003,1,P2,B,2,2,0,26,3,0,1,27,B,27,false
22,22004,0,P1,A,2,2,0,26,3,0,1,27,B,42,false
22,22004,1,P2,B,2,2,0,26,3,0,1,27,B,39,false
22,22005,0,P1,A,2,2,0,26,3,0,1,27,B,32,false
22,22005,1,P2,B,2,2,0,26,3,0,1,27,B,31,false
22,22006,0,P1,A,2,2,0,26,3,0,1,27,B,55,false
22,22006,1,P2,B,2,2,0,26,3,0,1,27,B,37,false
22,22007,0,P1,A,2,2,0,26,3,0,1,27,A,23,false
22,22007,1,P2,B,2,2,0,26,3,0,1,27,A,26,false
22,22008,0,P1,A,2,2,0,26,3,0,1,27,B,30,false
22,22008,1,P2,B,2,2,0,26,3,0,1,27,B,25,false
22,22009,0,P1,A,2,2,0,26,3,0,1,27,A,37,false
22,22009,1,P2,B,2,2,0,26,3,0,1,27,B,23,false
22,22010,0,P1,A,2,2,0,26,3,0,1,27,B,36,false
22,22010,1,P2,B,2,2,0,26,3,0,1,27,B,37,false
23,23001,0,P1,A,2,2,0,26,4,1,0,28,A,43,false
23,23001,1,P2,B,2,2,0,26,4,1,0,28,B,37,false
23,23002,0,P1,A,2,2,0,26,4,1,0,28,B,24,false
23,23002,1,P2,B,2,2,0,26,4,1,0,28,B,47,false
23,23003,0,P1,A,2,2,0,26,4,1,0,28,B,36,false
23,23003,1,P2,B,2,2,0,26,4,1,0,28,B,33,false
23,23004,0,P1,A,2,2,0,26,4,1,0,28,B,38,false
23,23004,1,P2,B,2,2,0,26,4,1,0,28,B,39,false
23,23005,0,P1,A,2,2,0,26,4,1,0,28,B,26,false
23,23005,1,P2,B,2,2,0,26,4,1,0,28,A,38,false
23,23006,0,P1,A,2,2,0,26,4,1,0,28,B,30,false
23,23006,1,P2,B,2,2,0,26,4,1,0,28,B,27,false
23,23007,0,P1,A,2,2,0,26,4,1,0,28,B,21,false
23,23007,1,P2,B,2,2,0,26,4,1,0,28,B,19,false
23,23008,0,P1,A,2,2,0,26,4,1,0,28,B,36,false
23,23008,1,P2,B,2,2,0,26,4,1,0,28,B,31,false
23,23009,0,P1,A,2,2,0,26,4,1,0,28,B,34,false
23,23009,1,P2,B,2,2,0,26,4,1,0,28,B,38,false
23,23010,0,P1,A,2,2,0,26,4,1,0,28,A,23,false
23,23010,1,P2,B,2,2,0,26,4,1,0,28,B,25,false
24,24001,0,P1,A,2,2,0,26,6,0,0,30,B,27,false
24,24001,1,P2,B,2,2,0,26,6,0,0,30,B,27,false
24,24002,0,P1,A,2,2,0,26,6,0,0,30,B,28,false
24,24002,1,P2,B,2,2,0,26,6,0,0,30,B,36,false
24,24003,0,P1,A,2,2,0,26,6,0,0,30,A,34,false
24,24003,1,P2,B,2,2,0,26,6,0,0,30,B,35,false
24,24004,0,P1,A,2,2,0,26,6,0,0,30,A,21,false
24,24004,1,P2,B,2,2,0,26,6,0,0,30,A,22,false
24,24005,0,P1,A,2,2,0,26,6,0,0,30,B,32,false
24,24005,1,P2,B,2,2,0,26,6,0,0,30,B,47,false
24,24006,0,P1,A,2,2,0,26,6,0,0,30,A,44,false
24,24006,1,P2,B,2,2,0,26,6,0,0,30,B,37,false
24,24007,0,P1,A,2,2,0,26,6,0,0,30,B,22,false
24,24007,1,P2,B,2,2,0,26,6,0,0,30,B,29,false
24,24008,0,P1,A,2,2,0,26,6,0,0,30,A,33,false
24,24008,1,P2,B,2,2,0,26,6,0,0,30,B,33,false
24,24009,0,P1,A,2,2,0,26,6,0,0,30,A,36,false
24,24009,1,P2,B,2,2,0,26,6,0,0,30,B,37,false
24,24010,0,P1,A,2,2,0,26,6,0,0,30,B,28,false
24,24010,1,P2,B,2,2,0,26,6,0,0,30,B,35,false
25,25001,0,P1,A,3,0,1,27,4,1,0,28,A,33,false
25,25001,1,P2,B,3,0,1,27,4,1,0,28,A,37,false
25,25002,0,P1,A,3,0,1,27,4,1,0,28,A,41,false
25,25002,1,P2,B,3,0,1,27,4,1,0,28,B,77,false
25,25003,0,P1,A,3,0,1,27,4,1,0,28,A,37,false
25,25003,1,P2,B,3,0,1,27,4,1,0,28,A,39,false
25,25004,0,P1,A,3,0,1,27,4,1,0,28,A,34,false
25,25004,1,P2,B,3,0,1,27,4,1,0,28,B,33,false
25,25005,0,P1,A,3,0,1,27,4,1,0,28,A,33,false
25,25005,1,P2,B,3,0,1,27,4,1,0,28,B,45,false
25,25006,0,P1,A,3,0,1,27,4,1,0,28,B,32,false
25,25006,1,P2,B,3,0,1,27,4,1,0,28,B,26,false
25,25007,0,P1,A,3,0,1,27,4,1,0,28,A,36,false
25,25007,1,P2,B,3,0,1,27,4,1,0,28,B,31,false
25,25008,0,P1,A,3,0,1,27,4,1,0,28,A,34,false
25,25008,1,P2,B,3,0,1,27,4,1,0,28,A,35,false
25,25009,0,P1,A,3,0,1,27,4,1,0,28,B,20,false
25,25009,1,P2,B,3,0,1,27,4,1,0,28,A,28,false
25,25010,0,P1,A,3,0,1,27,4,1,0,28,A,44,false
25,25010,1,P2,B,3,0,1,27,4,1,0,28,A,38,false
26,26001,0,P1,A,3,0,1,27,6,0,0,30,B,26,false
26,26001,1,P2,B,3,0,1,27,6,0,0,30,B,35,false
26,26002,0,P1,A,3,0,1,27,6,0,0,30,B,30,false
26,26002,1,P2,B,3,0,1,27,6,0,0,30,B,28,false
26,26003,0,P1,A,3,0,1,27,6,0,0,30,A,21,false
26,26003,1,P2,B,3,0,1,27,6,0,0,30,B,17,false
26,26004,0,P1,A,3,0,1,27,6,0,0,30,B,26,false
26,26004,1,P2,B,3,0,1,27,6,0,0,30,A,32,false
26,26005,0,P1,A,3,0,1,27,6,0,0,30,A,35,false
26,26005,1,P2,B,3,0,1,27,6,0,0,30,A,39,false
26,26006,0,P1,A,3,0,1,27,6,0,0,30,B,18,false
26,26006,1,P2,B,3,0,1,27,6,0,0,30,A,28,false
26,26007,0,P1,A,3,0,1,27,6,0,0,30,A,25,false
26,26007,1,P2,B,3,0,1,27,6,0,0,30,A,42,false
26,26008,0,P1,A,3,0,1,27,6,0,0,30,A,36,false
26,26008,1,P2,B,3,0,1,27,6,0,0,30,B,31,false
26,26009,0,P1,A,3,0,1,27,6,0,0,30,B,72,false
26,26009,1,P2,B,3,0,1,27,6,0,0,30,B,59,false
26,26010,0,P1,A,3,0,1,27,6,0,0,30,B,32,false
26,26010,1,P2,B,3,0,1,27,6,0,0,30,A,32,false
27,27001,0,P1,A,4,1,0,28,6,0,0,30,B,20,false
27,27001,1,P2,B,4,1,0,28,6,0,0,30,A,28,false
27,27002,0,P1,A,4,1,0,28,6,0,0,30,A,34,false
27,27002,1,P2,B,4,1,0,28,6,0,0,30,B,45,false
27,27003,0,P1,A,4,1,0,28,6,0,0,30,B,30,false
27,27003,1,P2,B,4,1,0,28,6,0,0,30,A,32,false
27,27004,0,P1,A,4,1,0,28,6,0,0,30,B,36,false
27,27004,1,P2,B,4,1,0,28,6,0,0,30,B,42,false
27,27005,0,P1,A,4,1,0,28,6,0,0,30,B,24,false
27,27005,1,P2,B,4,1,0,28,6,0,0,30,B,28,false
27,27006,0,P1,A,4,1,0,28,6,0,0,30,B,26,false
27,27006,1,P2,B,4,1,0,28,6,0,0,30,B,31,false
27,27007,0,P1,A,4,1,0,28,6,0,0,30,A,41,false
27,27007,1,P2,B,4,1,0,28,6,0,0,30,B,34,false
27,27008,0,P1,A,4,1,0,28,6,0,0,30,B,26,false
27,27008,1,P2,B,4,1,0,28,6,0,0,30,B,34,false
27,27009,0,P1,A,4,1,0,28,6,0,0,30,A,41,false
27,27009,1,P2,B,4,1,0,28,6,0,0,30,B,38,false
27,27010,0,P1,A,4,1,0,28,6,0,0,30,A,37,false
27,27010,1,P2,B,4,1,0,28,6,0,0,30,B,33,false
